model,accuracy,macro_f1
LSTM,0.8500457177689729,0.30631521142229545
