Model,Accuracy,Macro F1
Logistic Regression,0.3309966473636087,0.2658061956981721
LSTM,0.8500457177689729,0.30631521142229545
